Data Source,World Development Indicators,,,,,,,,,,,,,,,,,,,,,,,,,,,
,,,,,,,,,,,,,,,,,,,,,,,,,,,,
Last Updated Date,2/17/21,,,,,,,,,,,,,,,,,,,,,,,,,,,
,,,,,,,,,,,,,,,,,,,,,,,,,,,,
Country Name,Country Code,Indicator Name,Indicator Code,1995,1996,1997,1998,1999,2000,2001,2002,2003,2004,2005,2006,2007,2008,2009,2010,2011,2012,2013,2014,2015,2016,2017,2018,2019
Aruba,ABW,"International tourism, number of departures",ST.INT.DPRT,,,,,,,,,,,,,,,,,,,,,,,,,
Afghanistan,AFG,"International tourism, number of departures",ST.INT.DPRT,,,,,,,,,,,,,,,,,,,,,,,,,
Angola,AGO,"International tourism, number of departures",ST.INT.DPRT,3000,3000,,,,,,,,,,,,,,,,,,,,,,,
Albania,ALB,"International tourism, number of departures",ST.INT.DPRT,,,,,,,955000,1303000,1350000,1694000,2097000,2616000,2979000,3716000,3404000,3443000,4120000,3959000,3928000,4146000,4504000,4852000,5186000,5415000,5922000
Andorra,AND,"International tourism, number of departures",ST.INT.DPRT,,,,,,,,,,,,,,,,,,,,,,,,,
Arab World,ARB,"International tourism, number of departures",ST.INT.DPRT,,,,,,,,,,,,,,,,,,,,,,,,,
United Arab Emirates,ARE,"International tourism, number of departures",ST.INT.DPRT,,,,,,,,,,,,,,,,,,,,,,,,18904000,18902599.61
Argentina,ARG,"International tourism, number of departures",ST.INT.DPRT,,,,,,,,,,4436000,4481000,4533000,4928000,5425000,5793000,6083000,7676000,8295000,9844000,10022000,13159000,18645000,21583000,18411000,15352000
Armenia,ARM,"International tourism, number of departures",ST.INT.DPRT,,,,,,111000,110000,131000,169000,221000,269000,329000,468000,516000,526000,563000,715000,965000,1083000,1198000,1187000,1263000,1482000,1623000,1868000
American Samoa,ASM,"International tourism, number of departures",ST.INT.DPRT,,,,,,,,,,,,,,,,,,,,,,,,,
Antigua and Barbuda,ATG,"International tourism, number of departures",ST.INT.DPRT,,,,,,,,,,,,,,,,,,,,,,,,,
Australia,AUS,"International tourism, number of departures",ST.INT.DPRT,2519000,2732000,2933000,3161000,3210000,3498000,3443000,3461000,3388000,4369000,4756000,4941000,5462000,5808000,6276000,7103000,7788000,8212000,9052000,9480000,9810000,10390000,10932000,11403000,11624000
Austria,AUT,"International tourism, number of departures",ST.INT.DPRT,,,,,,7528000,8350000,8266000,8384000,8371000,8206000,10042000,9876000,9677000,10121000,9882000,9874000,10960000,10671000,10994000,10628000,11534000,11491000,11043000,11902000
Azerbaijan,AZE,"International tourism, number of departures",ST.INT.DPRT,,432000,654000,1146000,1204000,1326000,1130000,1141000,1475000,1473000,1830000,1836000,1631000,2162000,2363000,3176000,3550000,3874000,4285000,4244000,4096000,4282000,4109000,4908000,5568000
Burundi,BDI,"International tourism, number of departures",ST.INT.DPRT,36000,35000,10000,16000,27000,28000,35000,,,,,,,,,,,,,,,,,,
Belgium,BEL,"International tourism, number of departures",ST.INT.DPRT,,5645000,7548000,7776000,6410000,7932000,6570000,6773000,7268000,8783000,9327000,7852000,8371000,8887000,8775000,8801000,9727000,9576000,10803000,10991000,10835000,13372000,12142000,13098000,14191000
Benin,BEN,"International tourism, number of departures",ST.INT.DPRT,,,,,,,,,,,,,,,,,,,,,,,,,
Burkina Faso,BFA,"International tourism, number of departures",ST.INT.DPRT,,,,,,,,,,,,,,,,,,,,,,,,,
Bangladesh,BGD,"International tourism, number of departures",ST.INT.DPRT,830000,911000,866000,992000,1103000,1128000,1075000,1158000,1414000,1565000,1767000,1819000,2327000,875000,2254000,1913000,2127000,2273000,1460000,,,,,,
Bulgaria,BGR,"International tourism, number of departures",ST.INT.DPRT,3524000,3006000,3059000,2592000,2376000,2337000,2730000,3188000,3403000,3882000,4235000,4180000,4515000,5727000,4993000,3676000,3803000,3758000,3930000,4158000,4632000,5392000,6228000,6699000,7007000
Bahrain,BHR,"International tourism, number of departures",ST.INT.DPRT,,,,,,,,,,,,,,,,,,,,,4741000,3293000,3136000,2868000,2950000
"Bahamas, The",BHS,"International tourism, number of departures",ST.INT.DPRT,,,,,,,,,,,,,,,,,,,,,,,,,
Bosnia and Herzegovina,BIH,"International tourism, number of departures",ST.INT.DPRT,,,,,,,,,,,,,,,,,,,,,,,,,
Belarus,BLR,"International tourism, number of departures",ST.INT.DPRT,,,,,,4747000,4008000,6160000,6518000,6924000,6596000,6811000,7512000,6323000,6440000,7464000,7542000,8427000,8841000,7236000,6972000,8340000,9209000,9326000,9221000
Belize,BLZ,"International tourism, number of departures",ST.INT.DPRT,,,,,,,,,,,,,,,,,,,,,,,,,
Bermuda,BMU,"International tourism, number of departures",ST.INT.DPRT,,,,,,,140000,145000,141000,156000,161000,170000,181000,192000,,,,,,,,,,,
Bolivia,BOL,"International tourism, number of departures",ST.INT.DPRT,249000,269000,285000,299000,253000,201000,222000,217000,304000,346000,386000,472000,526000,589000,518000,604000,775000,788000,837000,932000,965000,940000,997000,1060000,1160000
Brazil,BRA,"International tourism, number of departures",ST.INT.DPRT,2600000,3797000,4014000,4171000,2863000,3228000,2674000,2338000,3229000,2968000,3364000,3886000,4662000,5238000,4920000,6457000,7807000,8497000,8866000,9617000,9478000,8872000,10610000,10628000,
Barbados,BRB,"International tourism, number of departures",ST.INT.DPRT,,,,,,,,,,,,,,,,,,,,,,,,,
Brunei Darussalam,BRN,"International tourism, number of departures",ST.INT.DPRT,,,,,,,,,,,,,,,,,,,,,,,,,
Bhutan,BTN,"International tourism, number of departures",ST.INT.DPRT,,,,,,,,,,,,,,,,,,,,,,,,,72000
Botswana,BWA,"International tourism, number of departures",ST.INT.DPRT,,,,,,,,,,,,,,,,,,,,,,,,,
Central African Republic,CAF,"International tourism, number of departures",ST.INT.DPRT,,,,,,,,5000,6000,7000,8000,11000,,,,38000,,,,,,,,,
Canada,CAN,"International tourism, number of departures",ST.INT.DPRT,,,,,,,,,,,,46912000,50044000,51737000,47481000,53620000,61909000,65175000,65780000,63737000,55971000,52979000,54955000,38069000,37845898.44
Central Europe and the Baltics,CEB,"International tourism, number of departures",ST.INT.DPRT,82137413.77,90797125.69,96995628.58,98540640.36,103358915.2,106599221.4,102537633.3,93740821.34,88685258.06,91533983.55,97852373.4,102510242.5,110142989.4,117756000,102817000,103082009,102137000,104157000,108876000,93128000,104174000,109447000,119458000,128530000,136609000
Switzerland,CHE,"International tourism, number of departures",ST.INT.DPRT,,,,,,,,,17548000,,,,,17407000,16522000,15902000,18949000,20293000,20303000,19833000,22086000,21536000,22481000,24572000,19797000
Channel Islands,CHI,"International tourism, number of departures",ST.INT.DPRT,,,,,,,,,,,,,,,,,,,,,,,,,
Chile,CHL,"International tourism, number of departures",ST.INT.DPRT,,,,,,1528000,1340000,1444000,1509000,1727000,2031000,2264000,2451000,2317000,2359000,2737000,3220000,3448000,3674000,3842000,4103000,4269000,4367000,4605000,4091000
China,CHN,"International tourism, number of departures",ST.INT.DPRT,4520000,5061000,5324000,8426000,9232000,10473000,12133000,16602000,20222000,28853000,31026000,34524000,40954000,45844000,47656000,57386000,70250000,83182000,98185000,116593000,127860000,135130000,143035000,149720000,154632000
Cote d'Ivoire,CIV,"International tourism, number of departures",ST.INT.DPRT,,,,,,,,,,,,,,,,,,,,,,,,,
Cameroon,CMR,"International tourism, number of departures",ST.INT.DPRT,,,,,,,,,,,,,,,,,,,,,,,,,
"Congo, Dem. Rep.",COD,"International tourism, number of departures",ST.INT.DPRT,,,,50000,50000,,,,,,,,,,,,,,,,356000,424000,,,
"Congo, Rep.",COG,"International tourism, number of departures",ST.INT.DPRT,,,,,,,,,,,,,,,,,,161000,180000,,,,,,
Colombia,COL,"International tourism, number of departures",ST.INT.DPRT,1057000,929000,1071000,1093000,1098000,1235000,1381000,1277000,1177000,1405000,1553000,,2028000,2042000,2122000,2342000,2522000,3169000,3605000,3911000,3862000,3795000,4017000,4368000,4479000
Comoros,COM,"International tourism, number of departures",ST.INT.DPRT,,,,,,,,,,,,,,,,,,,,,,,,,
Cabo Verde,CPV,"International tourism, number of departures",ST.INT.DPRT,,,,,,,,,,,,,,,,,,,,,,,,,
Costa Rica,CRI,"International tourism, number of departures",ST.INT.DPRT,273000,283000,288000,330000,353000,381000,361000,364000,373000,425000,487000,485000,577000,528000,579000,662000,717000,773000,790000,798000,919000,1036000,1150000,1079000,1153000
Caribbean small states,CSS,"International tourism, number of departures",ST.INT.DPRT,,,,,,,,,,,,,,,,,,,,,,,,,
Cuba,CUB,"International tourism, number of departures",ST.INT.DPRT,72000,72000,83000,94000,97000,139000,121000,111000,113000,124000,162000,199000,194000,202000,206000,251000,253000,213000,286000,355000,580000,894000,,,
Curacao,CUW,"International tourism, number of departures",ST.INT.DPRT,,,,,,,,,,,,,,,,,,,,,,,,,
Cayman Islands,CYM,"International tourism, number of departures",ST.INT.DPRT,,,,,,,,,,,,,,,,,,,,,,,,,
Cyprus,CYP,"International tourism, number of departures",ST.INT.DPRT,360000,365000,422000,484000,540000,588000,684000,744000,737000,859000,914000,932000,1081000,1210000,1172000,1246000,1209000,1194000,1115000,1209000,1119000,1268000,1407000,1446000,1578000
Czech Republic,CZE,"International tourism, number of departures",ST.INT.DPRT,,,,,,,,,7213000,6643000,6963000,6393000,9048000,9665000,8904000,8673000,5279000,5419000,5781000,5651000,5856000,6027000,6775000,7390000,7346000
Germany,DEU,"International tourism, number of departures",ST.INT.DPRT,,,55800000,69200000,78100000,80507000,81551000,80393000,85345000,84859000,86622000,81801000,82099000,86201000,85547000,85872000,84692000,82729000,87459000,83008000,83737000,90966000,92402000,108542000,
Djibouti,DJI,"International tourism, number of departures",ST.INT.DPRT,,,,,,,,,,,,,,,,,,,,,,,,,
Dominica,DMA,"International tourism, number of departures",ST.INT.DPRT,,,,,,,,,,,,,,,,,,,,,,,,,
Denmark,DNK,"International tourism, number of departures",ST.INT.DPRT,,5035000,4693000,4788000,4744000,5011000,4946000,4935000,5564000,4630000,5469000,6129000,6564000,6347000,7037000,7726000,7846000,7843000,6977000,8528000,8991000,9651000,8087000,7475000,10818000
Dominican Republic,DOM,"International tourism, number of departures",ST.INT.DPRT,168000,358000,355000,354000,363000,360000,331000,332000,321000,368000,419000,420000,443000,413000,415000,401000,408000,418000,392000,427000,478000,500000,522000,514000,532000
Algeria,DZA,"International tourism, number of departures",ST.INT.DPRT,1090000,874000,827000,879000,903000,1006000,1190000,1257000,1254000,1417000,1513000,1349000,1499000,1539000,1677000,1757000,1715000,1911000,2136000,2839000,3638000,4530000,5058000,5610000,5732000
East Asia & Pacific (excluding high income),EAP,"International tourism, number of departures",ST.INT.DPRT,18978033.41,21473003.21,23276468.4,24734175.96,25681274.92,29541451.78,34485593.91,34050330.55,37797592.43,43145063.27,46844045.85,53146996.27,62030759.54,67956647.65,69671105.76,84147146.84,100206548.3,117050893.9,136747229.9,159718821.5,175039221.7,186148698.4,197464207.6,207838079.9,216346892.8
Early-demographic dividend,EAR,"International tourism, number of departures",ST.INT.DPRT,169917270.9,172629924,180068587.7,183401081.8,198868894.3,216559415.8,212440258.9,215405027,216755688.1,231847307.9,238161620.7,231161562.8,220452989.4,220696425.1,212055993.4,233443159.9,230622330.1,240569262.8,262592017.4,268751796.4,291665952.6,312536177.8,323293789.7,309760109.9,309162984.6
East Asia & Pacific,EAS,"International tourism, number of departures",ST.INT.DPRT,,,,111029513.5,120207382.7,135134367.3,143222409.1,147230259.4,144940043.6,168940181,179444037.9,192471295.5,209702886.3,214634066.6,213311310.8,244826606.3,263374393.6,285484499.9,306724570.8,332053762.9,357639154.5,378927240.3,397924613.6,415829164.8,429766923.3
Europe & Central Asia (excluding high income),ECA,"International tourism, number of departures",ST.INT.DPRT,,,,,,51335391.54,49260053.09,57956042.59,61057246.3,71228091.26,80630508.78,84081702.69,90532129.35,92587733.26,91503937.59,100607623.9,113822907.3,123052463.2,137610313.3,126374878.9,118169740.4,118300811.5,134929254.4,146266585.4,152838797.4
Europe & Central Asia,ECS,"International tourism, number of departures",ST.INT.DPRT,,,379353565.4,413343024.2,438317794.3,464858436.6,460478788.2,464731615.5,475573623.9,485303186.9,512870549,524618700.5,552681769.9,571305914,548669250.5,560983214.7,583358267.9,595044595.8,618722493,597780263,615048942.2,637282306.2,693637532.5,741282849.2,767782222.1
Ecuador,ECU,"International tourism, number of departures",ST.INT.DPRT,271000,275000,321000,330000,386000,520000,562000,627000,613000,603000,664000,733000,801000,815000,814000,899000,1022000,1022000,1138000,1096000,1221000,1366000,1347000,1402000,1515000
"Egypt, Arab Rep.",EGY,"International tourism, number of departures",ST.INT.DPRT,,,,,,,,,,,,,,,4716000,4618000,4863000,5678000,5782000,6180000,,,,,
Euro area,EMU,"International tourism, number of departures",ST.INT.DPRT,,,181274082,206240472.3,219235794.7,228930416.3,229301260,233370780.8,243734884.4,238960416.7,247995786.4,246707818.4,258121284.4,268424068.1,267294539.7,268542802.9,270662475.5,266821665.8,269730318.8,273037473.7,278951323.9,293583943.6,319076766.9,346999220.9,
Eritrea,ERI,"International tourism, number of departures",ST.INT.DPRT,,,,,,,,,,,,,,,,,,,,,,,,,
Spain,ESP,"International tourism, number of departures",ST.INT.DPRT,,,,,,,,,,,,,12709000,13042000,13754000,14254000,15944000,14916000,13434000,13952000,17625000,18277000,20274000,22287000,22816000
Estonia,EST,"International tourism, number of departures",ST.INT.DPRT,1764000,1547000,1616000,1659000,1780000,1800000,1658000,1849000,2075000,,,438000,677000,692000,752000,955000,1054000,1147000,1166000,1426000,1250000,1339000,1279000,2069000,1702000
Ethiopia,ETH,"International tourism, number of departures",ST.INT.DPRT,120000,133000,,,,,,,,,,,,,,,,,,,,,,,
European Union,EUU,"International tourism, number of departures",ST.INT.DPRT,,,276481433.6,301825310.1,318634555.9,331148677.2,327322121.8,322517024.9,327938090.7,325082977.3,340790721.1,345129885.5,366444068.9,383934115,368943938,370353244.5,372259727.8,373042069.9,380538363.5,368143656.8,386163974.5,405875522.9,439558242.8,470640347,494010157.6
Fragile and conflict affected situations,FCS,"International tourism, number of departures",ST.INT.DPRT,,,,,,,,,,,,,,,,,,,,,,,,,
Finland,FIN,"International tourism, number of departures",ST.INT.DPRT,,,,,,,,,,,6668000,6428000,6413000,6566000,6693000,7485000,8238000,9978000,9526000,9783000,10022000,10278000,10480000,10480000,10440000
Fiji,FJI,"International tourism, number of departures",ST.INT.DPRT,68000,72000,74000,78000,89000,83000,85000,99000,104000,94000,109000,121000,120000,124000,125000,128000,132000,132000,,,,156000,169000,174000,174000
France,FRA,"International tourism, number of departures",ST.INT.DPRT,,,,,,,,,,,,27107000,33144000,30960000,30646000,29973000,31153000,29642000,30457000,31941000,30608000,29636000,44265000,48069000,49276000
Faroe Islands,FRO,"International tourism, number of departures",ST.INT.DPRT,,,,,,,,,,,,,,,,,,,,,,,,,
"Micronesia, Fed. Sts.",FSM,"International tourism, number of departures",ST.INT.DPRT,,,,,,,,,,,,,,,,,,,,,,,,,
Gabon,GAB,"International tourism, number of departures",ST.INT.DPRT,,,,203000,187000,168000,189000,219000,236000,,,,,,,,,,,,,,,,
United Kingdom,GBR,"International tourism, number of departures",ST.INT.DPRT,41345000,42050000,45957000,50872000,53881000,56837000,58281000,59377000,61424000,64194000,66494000,69536000,69450000,69011000,63513000,64647000,67493000,66858000,68959000,72204000,77619000,81757000,87242000,90571000,93086000
Georgia,GEO,"International tourism, number of departures",ST.INT.DPRT,228000,219000,355000,433000,373000,315000,306000,317000,,466000,857000,1346000,1473000,1872000,1980000,2086000,2237000,2734000,3220000,3106000,3136000,3400000,3851000,3698000,3780000
Ghana,GHA,"International tourism, number of departures",ST.INT.DPRT,,,,,,,,,,,,,,,,,,,,,,,,,
Gibraltar,GIB,"International tourism, number of departures",ST.INT.DPRT,,,,,,,,,,,,,,,,,,,,,,,,,
Guinea,GIN,"International tourism, number of departures",ST.INT.DPRT,,,,,,,,,,,,,,,,,,,,,,,,,
"Gambia, The",GMB,"International tourism, number of departures",ST.INT.DPRT,,,,,,,,,,,387000,307000,,,,,,,,,,,,,
Guinea-Bissau,GNB,"International tourism, number of departures",ST.INT.DPRT,,,,,,,,,,,,,,,,,,,,,,,,,
Equatorial Guinea,GNQ,"International tourism, number of departures",ST.INT.DPRT,,,,,,,,,,,,,,,,,,,,,,,,,
Greece,GRC,"International tourism, number of departures",ST.INT.DPRT,,,,,,,,,,,,,,3765000,3835000,3799000,4941000,4681000,4594000,5802000,6291000,7235000,7685000,7961000,7848000
Grenada,GRD,"International tourism, number of departures",ST.INT.DPRT,,,,,,,,,,,,,,,,,,,,,,,,,
Greenland,GRL,"International tourism, number of departures",ST.INT.DPRT,,,,,,,,,,,,,,,,,,,,,,,,,
Guatemala,GTM,"International tourism, number of departures",ST.INT.DPRT,333000,333000,331000,391000,485000,488000,580000,629000,658000,854000,982000,1055000,1168000,1277000,651000,694000,718000,721000,846000,992000,1130000,1195000,1328000,1538000,1703000
Guam,GUM,"International tourism, number of departures",ST.INT.DPRT,,,,,,,,,,,,,,,,,,,,,,,,,
Guyana,GUY,"International tourism, number of departures",ST.INT.DPRT,,,,,,,,,,,,,,,,,,,,,,,,,
High income,HIC,"International tourism, number of departures",ST.INT.DPRT,,,,574767568.9,608615554.2,642725874.7,637567693.7,635361541.4,625751232.3,654578675.9,681632896.2,779842844.9,807144440.4,819508511.6,785532148.1,810231139.3,821459018,840345970.8,858983102,853646776.7,893194614.4,934763448.9,991915212.3,1027405183,1056106846
"Hong Kong SAR, China",HKG,"International tourism, number of departures",ST.INT.DPRT,,,,47594000,53144000,58901000,61096000,64540000,60936000,68903000,72300000,75812000,80682000,81911000,81958000,84442000,84816000,85276000,84414000,84519000,89082000,91758000,91304000,92214000,94715000
Honduras,HND,"International tourism, number of departures",ST.INT.DPRT,,,,,,,,,,,,,,,,1090000,1092000,1072000,1055000,1065000,1150000,1121000,727000,703000,
Heavily indebted poor countries (HIPC),HPC,"International tourism, number of departures",ST.INT.DPRT,,,,,,,,,,,,,,,,,,,,,,,,,
Croatia,HRV,"International tourism, number of departures",ST.INT.DPRT,,,,,,,,,,,,,,4393000,4823000,,5526000,5159000,5444000,4638000,4355000,2581000,2597000,2980000,3500000
Haiti,HTI,"International tourism, number of departures",ST.INT.DPRT,,,,,,,,,,,,,,,,,,,,,,,,,
Hungary,HUN,"International tourism, number of departures",ST.INT.DPRT,13083000,12064000,12173000,12317000,10622000,11065000,11167000,12966000,14283000,17558000,17759000,16597000,17056000,17162000,16640000,16082000,16634000,16143000,16038000,16340000,17276000,18895000,20297000,22805000,24860000
IBRD only,IBD,"International tourism, number of departures",ST.INT.DPRT,248603309.3,253409828.9,266613379.5,272827739.3,292751825.2,321556010.9,321456969,318328668.9,321062885.2,345340140.7,364525438,375523616.1,386028886.9,401754754.4,377254502.9,402454428.2,437846343.3,472753411.8,521163628.5,516965391.3,544543532.5,570597854.6,610115848.6,614832051,632522366.6
IDA & IBRD total,IBT,"International tourism, number of departures",ST.INT.DPRT,309257527,315248384,332094851.2,340409937.6,366043604.9,402391114.6,401712068.6,398089284.6,402989634.6,434104237.8,459031159.9,472752467.1,487760738,506351431.9,478015584.4,508832382.1,555745474.8,600563105.7,664058628.6,659239708.6,694748698.4,727811213.5,778050408,791734318,811905478.7
IDA total,IDA,"International tourism, number of departures",ST.INT.DPRT,,,,,,,,,,,,,,,,,,,,,,,,,
IDA blend,IDB,"International tourism, number of departures",ST.INT.DPRT,,,,,,,,,,,,,,,,,,,,,,,,,
Indonesia,IDN,"International tourism, number of departures",ST.INT.DPRT,,,,,,2205000,2505000,3231000,3478000,3941000,4106000,4967000,5158000,5486000,5053000,6235000,6750000,7454000,8025000,8074000,8176000,8340000,8856000,9468000,11688000
IDA only,IDX,"International tourism, number of departures",ST.INT.DPRT,,,,,,,,,,,,,,,,,,,,,,,,,
Isle of Man,IMN,"International tourism, number of departures",ST.INT.DPRT,,,,,,,,,,,,,,,,,,,,,,,,,
India,IND,"International tourism, number of departures",ST.INT.DPRT,3056000,3464000,3726000,3811000,4115000,4416000,4564000,4940000,5351000,6213000,7185000,8340000,9783000,10868000,11067000,12988000,13994000,14920000,16626000,18330000,20376000,21872000,23943000,26296000,26915000
Not classified,INX,"International tourism, number of departures",ST.INT.DPRT,,,,,,,,,,,,,,,,,,,,,,,,,
Ireland,IRL,"International tourism, number of departures",ST.INT.DPRT,2547000,2733000,3053000,3330000,3576000,3783000,4216000,4634000,4929000,5409000,6113000,6848000,7713000,7877000,7047000,6917000,6514000,6600000,6579000,6676000,7094000,7646000,8171000,8643000,9350000
"Iran, Islamic Rep.",IRN,"International tourism, number of departures",ST.INT.DPRT,,,,,,,,,,,,,,,,,,,,7698000,6620000,9007000,10543000,7243000,
Iraq,IRQ,"International tourism, number of departures",ST.INT.DPRT,,,,,,,,,,,,,,,,,,,,,,,,,
Iceland,ISL,"International tourism, number of departures",ST.INT.DPRT,166000,190000,203000,227000,257000,283000,,,,,364000,440000,460000,414000,259000,299000,341000,358000,365000,400000,450000,536000,619000,668000,611000
Israel,ISR,"International tourism, number of departures",ST.INT.DPRT,2259000,2505000,2707000,2983000,3203000,3530000,3561000,3273000,3299000,3614000,3687000,3713000,4147000,4207000,4007000,4269000,4387000,4349000,4757000,5181000,5891000,6781000,7597000,8473000,9179000
Italy,ITA,"International tourism, number of departures",ST.INT.DPRT,,,40196000,42431000,42390000,44628000,43611000,44660000,46357000,40400000,43407000,46369000,49166000,54421000,54839000,55304000,52617000,53338000,52633000,55169000,57418000,57480000,60042000,61194601.56,62207000
Jamaica,JAM,"International tourism, number of departures",ST.INT.DPRT,,,,,,,,,,,,,,,,,,,,,,,,,
Jordan,JOR,"International tourism, number of departures",ST.INT.DPRT,1128000,1141000,1233000,1347000,1561000,1625000,1755000,1276000,1229000,1420000,1523000,2139000,2094000,1972000,2054000,2708000,1931000,1567000,1498000,1230000,,1511000,1592000,1501000,1537000
Japan,JPN,"International tourism, number of departures",ST.INT.DPRT,15298000,16695000,16803000,15806000,16358000,17819000,16216000,16523000,13296000,16831000,17404000,17535000,17295000,15987000,15446000,16637000,16994000,18491000,17473000,16903000,16214000,17116000,17889000,18954000,20080000
Kazakhstan,KAZ,"International tourism, number of departures",ST.INT.DPRT,,,,,,,,,,,,3688000,4544000,4330000,5423000,6019000,8020000,9066000,10144000,10450000,11303000,9756000,10261000,10646000,10707000
Kenya,KEN,"International tourism, number of departures",ST.INT.DPRT,,,,,,,,,,,,,,,,,,,,,,,,,
Kyrgyz Republic,KGZ,"International tourism, number of departures",ST.INT.DPRT,,,,,,,,,,,,,,2273000,2354000,1342000,3061000,3621000,3993000,3790000,4008000,4185000,4446000,6839000,5314000
Cambodia,KHM,"International tourism, number of departures",ST.INT.DPRT,31000,38000,45000,41000,49000,41000,37000,45000,60000,239000,568000,787000,996000,786000,340000,505000,710000,792000,872000,956000,1194000,1434000,1752000,1995000,2038000
Kiribati,KIR,"International tourism, number of departures",ST.INT.DPRT,,,,,,,,,,,,,,,,,,,,,,,,,
St. Kitts and Nevis,KNA,"International tourism, number of departures",ST.INT.DPRT,,,,,,,,,,,,,,,,,,,,,,,,,
"Korea, Rep.",KOR,"International tourism, number of departures",ST.INT.DPRT,3819000,4649000,4542000,3067000,4342000,5508000,6084000,7123000,7086000,8826000,10080000,11610000,13325000,11996000,9494000,12488000,12694000,13737000,14846000,16081000,19310000,22383000,26496000,28696000,28714000
Kuwait,KWT,"International tourism, number of departures",ST.INT.DPRT,878000,1051000,1097000,1264000,1209000,1236000,1666000,1725000,1774000,1928000,2173000,2529000,2649000,,,,,,,,,,,,
Latin America & Caribbean (excluding high income),LAC,"International tourism, number of departures",ST.INT.DPRT,119667283.9,121545716.8,126373637.8,128100619.2,137054772.8,149177419.9,145337746.3,146193065.2,145534960,152788282,153964852,148144625.3,137033408.9,136687669.2,126154132.8,122251059.3,123001531.8,125075341.2,132730982.8,134491667.4,143602055.5,152628259.2,154472927.9,141582931.4,135174476.6
Lao PDR,LAO,"International tourism, number of departures",ST.INT.DPRT,,,,,,,,,,,,,,,,1686000,1788000,2052000,2857000,3320000,3067000,3059000,3049000,3207000,2690000
Lebanon,LBN,"International tourism, number of departures",ST.INT.DPRT,,,,,,,,,,,,,,,,,,,,,,,,,
Liberia,LBR,"International tourism, number of departures",ST.INT.DPRT,,,,,,,,,,,,,,,,,,,,,,,,,
Libya,LBY,"International tourism, number of departures",ST.INT.DPRT,484000,493000,650000,,,,,,,,,,,,,,,,,,,,,,
St. Lucia,LCA,"International tourism, number of departures",ST.INT.DPRT,,,,,,,,,,,,,,,,,,,,,,,,,
Latin America & Caribbean,LCN,"International tourism, number of departures",ST.INT.DPRT,123421394.1,125259787.6,130255759.1,132124740.6,141216844.5,153509289.5,149368623.7,150224710.7,149676552.9,157393347.6,159072410.6,153555485.5,142586405.3,142257768.4,131442150.4,128069101.2,129800154.4,132383861.9,140922727.7,143176254.3,152475917.3,161326112,163170603.3,150743883.7,144237150.1
Least developed countries: UN classification,LDC,"International tourism, number of departures",ST.INT.DPRT,,,,,,,,,,,,,,,,,,,,,,,,,
Low income,LIC,"International tourism, number of departures",ST.INT.DPRT,,,,,,,,,,,,,,,,,,,,,,,,,
Liechtenstein,LIE,"International tourism, number of departures",ST.INT.DPRT,,,,,,,,,,,,,,,,,,,,,,,,,
Sri Lanka,LKA,"International tourism, number of departures",ST.INT.DPRT,504000,494000,531000,518000,497000,524000,505000,533000,561000,680000,727000,757000,862000,966000,963000,1122000,1239000,1269000,1262000,1311000,1356000,1448000,1439000,1476000,1441000
Lower middle income,LMC,"International tourism, number of departures",ST.INT.DPRT,,,,,,,,,,,,,80301392.37,79209091.51,78497828.88,82293667.53,92556542.53,100508585.4,111296351.3,113301943,123937578.3,133098219.4,142790112.5,159281616.5,161810190.2
Low & middle income,LMY,"International tourism, number of departures",ST.INT.DPRT,250882698,245287918.9,256046746.5,262341255.1,280719707.5,315085782.7,319616114.5,327574229.1,339938812.5,372083188.9,391241348.7,396529279,404214448.9,416294309.9,403655414.1,434817403.8,473087048.1,510922141.4,567522222.1,585569215.2,608526692.8,640748581.6,683322321.8,691739354.4,705816758.9
Lesotho,LSO,"International tourism, number of departures",ST.INT.DPRT,,,,,,,,,,,,,,,,,,,,,,,,,
Late-demographic dividend,LTE,"International tourism, number of departures",ST.INT.DPRT,101419542.3,104477830.3,111629729.5,116228580.7,123988966.3,137883028.7,141458819.9,134483833.4,136994938.5,148763315,165706335.4,181187456.5,206388068.2,223951463.1,207135764.3,229873413.1,258667721,287320326,319353415.5,315858060.9,329660116.7,340219982.9,371666562.7,393163875.6,409178637.3
Lithuania,LTU,"International tourism, number of departures",ST.INT.DPRT,,,,,,,,,,,,4362000,3627000,3847000,3639000,4311000,4020000,4108000,4228000,4292000,3981000,4143000,4294000,4702000,4881000
Luxembourg,LUX,"International tourism, number of departures",ST.INT.DPRT,,,694000,757000,809000,950000,923000,1049000,1021000,1100000,1185000,1084000,1132000,1190000,1362000,1237000,1643000,1580000,1624000,1815000,1702000,1588000,1802000,1989000,2548000
Latvia,LVA,"International tourism, number of departures",ST.INT.DPRT,1812000,1798000,1877000,1961000,2256000,2596000,2697000,2306000,2286000,2457000,2959000,3151000,3398000,3782000,3268000,3332000,3257000,1830000,1776000,1846000,1720000,1939000,2055000,2175000,2384000
"Macao SAR, China",MAC,"International tourism, number of departures",ST.INT.DPRT,,,,,,,,,,,629000,645000,599000,606000,671000,753000,908000,1291000,1446000,1537000,1466000,1251000,1391000,1780000,1765000
St. Martin (French part),MAF,"International tourism, number of departures",ST.INT.DPRT,,,,,,,,,,,,,,,,,,,,,,,,,
Morocco,MAR,"International tourism, number of departures",ST.INT.DPRT,1317000,1212000,1203000,1275000,1545000,1508000,1701000,1533000,1612000,1603000,2247000,2135000,2669000,3421000,2293000,2175000,2378000,2323000,2195000,1850000,1910000,1864000,1849000,1923000,2009000
Monaco,MCO,"International tourism, number of departures",ST.INT.DPRT,,,,,,,,,,,,,,,,,,,,,,,,,
Moldova,MDA,"International tourism, number of departures",ST.INT.DPRT,,,,,,,,,,,,,,,93300.00305,117199.9969,136100.0061,146800.0031,157600.0061,180600.0061,189800.0031,177000,229000,264000,311000
Madagascar,MDG,"International tourism, number of departures",ST.INT.DPRT,39000,,,,,,,,,,,,,,,,,,,,,,,,
Maldives,MDV,"International tourism, number of departures",ST.INT.DPRT,32000,32000,33000,37000,42000,42000,41000,43000,44000,61000,77000,74000,102000,123000,,,,,,,,,,,
Middle East & North Africa,MEA,"International tourism, number of departures",ST.INT.DPRT,,,,,,,,,,,,,,,,,,,,,,,,,
Mexico,MEX,"International tourism, number of departures",ST.INT.DPRT,103161000,103442000,107242000,107927000,117383000,127268000,123732000,124633000,123015000,128903000,128392000,122022000,109540000,107519000,98228000,91658000,88113000,87332000,90787000,90982000,94988000,97372000,94274000,86280000,82752000
Marshall Islands,MHL,"International tourism, number of departures",ST.INT.DPRT,,,,,,,,,,,,,,,,,,,,,,,,,
Middle income,MIC,"International tourism, number of departures",ST.INT.DPRT,229173959,223832468.8,233241032.2,238780558.1,254871595.4,285704476,290336643.3,297870506,308420058.1,337618410.1,354983535,360608663.7,367474132.4,377207436.3,365608868.9,393073789.1,427588916,461701898.8,512919588.1,529221470.8,550028918.7,579029439.1,617472074.4,625055753.6,637729232.2
North Macedonia,MKD,"International tourism, number of departures",ST.INT.DPRT,,,,,,,,,,,,,,,,,,,,,,,,,
Mali,MLI,"International tourism, number of departures",ST.INT.DPRT,,,,,,,,,,,,,,,,,,,,,,,,,
Malta,MLT,"International tourism, number of departures",ST.INT.DPRT,,,,,,,,,,,,,,292000,292000,328000,348000,368000,404000,430000,456000,550000,633000,728000,774000
Myanmar,MMR,"International tourism, number of departures",ST.INT.DPRT,,,,,,,,,,,,,,,,,,,,,,,,,
Middle East & North Africa (excluding high income),MNA,"International tourism, number of departures",ST.INT.DPRT,,,,,,,,,,,,,,,,,,,,,,,,,
Montenegro,MNE,"International tourism, number of departures",ST.INT.DPRT,,,,,,,,,,,,,,,,,,,,,,,,,
Mongolia,MNG,"International tourism, number of departures",ST.INT.DPRT,,,,,,,,,,,,,,,,,,,,,,,,,
Northern Mariana Islands,MNP,"International tourism, number of departures",ST.INT.DPRT,,,,,,,,,,,,,,,,,,,,,,,,,
Mozambique,MOZ,"International tourism, number of departures",ST.INT.DPRT,,,,,,,,,,,,,,,,,,,,,,,,,
Mauritania,MRT,"International tourism, number of departures",ST.INT.DPRT,,,,,,,,,,,,,,,,,,,,,,,,,
Mauritius,MUS,"International tourism, number of departures",ST.INT.DPRT,107000,120000,132000,143000,154000,163000,161000,162000,161000,180000,183000,186000,213000,226000,196000,212000,219000,237000,228000,223000,242000,260000,283000,296000,320000
Malawi,MWI,"International tourism, number of departures",ST.INT.DPRT,,,,,,,,,,,,,,,,,,,,,,,,,
Malaysia,MYS,"International tourism, number of departures",ST.INT.DPRT,20642000,23333000,26165000,25631000,26067000,30532000,36248000,29866000,32201000,30761000,,,,,,,,,,,,,,,
North America,NAC,"International tourism, number of departures",ST.INT.DPRT,97469114.47,101118725.9,103327978.4,108959070.9,111305249.7,115825132.8,111588318.4,106505427.4,99924089.17,104905769.2,104333993.3,195430387.7,190430547.9,187920636.3,177468654.3,175227229.2,176031381.7,181538426.1,184783041.3,185471171.8,186370342.4,194541892,203049505.3,195979164.5,
Namibia,NAM,"International tourism, number of departures",ST.INT.DPRT,,,,,,,,,,,,,,,,,,,,,,,,,
New Caledonia,NCL,"International tourism, number of departures",ST.INT.DPRT,59000,64000,63000,68000,69000,69000,68000,72000,78000,89000,96000,100000,106000,112000,119000,132000,124000,121000,121000,124000,127000,134000,135000,139000,
Niger,NER,"International tourism, number of departures",ST.INT.DPRT,10000,10000,10000,10000,,,,,,,,,,,,,,,,,,,,,
Nigeria,NGA,"International tourism, number of departures",ST.INT.DPRT,,,,,,,,,,,,,,,,,,,,,,,,,
Nicaragua,NIC,"International tourism, number of departures",ST.INT.DPRT,255000,282000,330000,422000,452000,486000,499000,532000,562000,701000,740000,773000,949000,942000,858000,908000,912000,979000,994000,959000,925000,981000,982000,974000,949000
Netherlands,NLD,"International tourism, number of departures",ST.INT.DPRT,12313000,12807000,12858000,13553000,14184000,13896000,14214000,16719000,16425000,17130000,17039000,16695000,17523000,18399000,18340000,18368000,18560000,18628000,18094000,17928000,17535000,18152000,20771000,20871000,
Norway,NOR,"International tourism, number of departures",ST.INT.DPRT,590000,692000,753000,,2271000,2394000,2348000,2629000,2588000,2960000,3166000,3236000,3395000,,6640000,7590000,8130000,9250000,9280000,9190000,8750000,8030000,8170000,8110000,8890000
Nepal,NPL,"International tourism, number of departures",ST.INT.DPRT,100000,119000,132000,122000,125000,155000,200000,238000,258000,286000,373000,415000,469000,561000,589000,765000,774000,862000,983000,,,,1197000,,
Nauru,NRU,"International tourism, number of departures",ST.INT.DPRT,,,,,,,,,,,,,,,,,,,,,,,,,
New Zealand,NZL,"International tourism, number of departures",ST.INT.DPRT,920000,1093000,1132000,1166000,1185000,1283000,1287000,1293000,1374000,1733000,1872000,1861000,1978000,1967000,1918000,2026000,2096000,2172000,2197000,2276000,2412000,2611000,2853000,3038000,3225000
OECD members,OED,"International tourism, number of departures",ST.INT.DPRT,,,576508052.8,609386942.5,646680696.9,683659010,670966370.6,666410134.1,661431678.8,683955845,704501013.6,788376686.2,786874427.3,792594092.6,750640409.1,754863595.6,760364504.1,771445544,790863002.9,784548678.9,818214935.1,853746695,901648568.5,925894788.1,942953849.6
Oman,OMN,"International tourism, number of departures",ST.INT.DPRT,,,,,,,,,,,2496000,2664000,2945000,3100000,2470000,2829000,3341000,3972000,4301000,4727000,5424000,5902000,6368000,5975000,6633000
Other small states,OSS,"International tourism, number of departures",ST.INT.DPRT,,,,,,,,,,,,,,,,,,,,,,,,,
Pakistan,PAK,"International tourism, number of departures",ST.INT.DPRT,,,,,,,,,,,,,,,,,,,,,,,,,
Panama,PAN,"International tourism, number of departures",ST.INT.DPRT,185000,188000,194000,211000,221000,216000,200000,200000,227000,256000,285000,284000,314000,369000,336000,392000,414000,447000,619000,853000,965000,1051000,869000,1020000,1217000
Peru,PER,"International tourism, number of departures",ST.INT.DPRT,508000,510000,577000,538000,513000,730000,1060000,1232000,1433000,1635000,1841000,1857000,1915000,1913000,1891000,2058000,2132000,2296000,2364000,2442000,2595000,2751000,2875000,3078000,3275000
Philippines,PHL,"International tourism, number of departures",ST.INT.DPRT,1615000,2121000,1930000,1817000,1755000,1670000,1787000,1969000,1803000,1920000,2144000,2745000,3066000,3355000,3188000,,,,,3488000,5115000,5703000,,,
Palau,PLW,"International tourism, number of departures",ST.INT.DPRT,,,,9000,,,,,,,,,,,,,,,,,,,,,
Papua New Guinea,PNG,"International tourism, number of departures",ST.INT.DPRT,51000,,64000,65000,58000,52000,38000,92000,,,,,,,,,,,,,,,,,
Poland,POL,"International tourism, number of departures",ST.INT.DPRT,36387000,44713000,48610000,49328000,55097000,56677000,53122000,45043000,38730000,37226000,40841000,44696000,47561000,50243000,39270000,42760000,43270000,48290000,52580000,35400000,44300000,44500000,46700000,48600000,50600000
Pre-demographic dividend,PRE,"International tourism, number of departures",ST.INT.DPRT,,,,,,,,,,,,,,,,,,,,,,,,,
Puerto Rico,PRI,"International tourism, number of departures",ST.INT.DPRT,1237000,1184000,1251000,1250000,1134000,1259000,1331000,1227000,1272000,1361000,1410000,1468000,1441000,1438000,1116000,980000,924000,876000,839000,793000,746000,789000,792000,,
"Korea, Dem. People’s Rep.",PRK,"International tourism, number of departures",ST.INT.DPRT,,,,,,,,,,,,,,,,,,,,,,,,,
Portugal,PRT,"International tourism, number of departures",ST.INT.DPRT,,,,,,,,,,,,,,,,,,1361000,1490000,1502000,1893000,1941000,2195000,2486000,3100000
Paraguay,PRY,"International tourism, number of departures",ST.INT.DPRT,,,,,,,,,,,,1530000,1654000,1817000,1765000,2074000,2475000,3059000,4037000,4300000,5269000,5866000,6198000,4268000,4344000
West Bank and Gaza,PSE,"International tourism, number of departures",ST.INT.DPRT,,,,,,,,,,,,,,,,,,,,,,,,,
Pacific island small states,PSS,"International tourism, number of departures",ST.INT.DPRT,,,,,,,,,,,,,,,,,,,,,,,,,
Post-demographic dividend,PST,"International tourism, number of departures",ST.INT.DPRT,,,,500282571.6,526129612.3,557051074.3,555272074.8,567795804.7,567029753.8,594526471.9,613392162.7,709156453.3,726390766,731319795.2,711235050.2,719820891.3,734161121.6,745568404.8,758156232.3,763952881.9,788114608.2,825414522.1,874808571.4,905881478.5,928930206.2
French Polynesia,PYF,"International tourism, number of departures",ST.INT.DPRT,63000,65000,,,,,,,,,,,,,88000,89000,84000,83000,,48000,55000,48000,55000,47000,63000
Qatar,QAT,"International tourism, number of departures",ST.INT.DPRT,,,,,,,,,,,,,,,,,,,,,,,,,
Romania,ROU,"International tourism, number of departures",ST.INT.DPRT,5737000,5748000,6243000,6893000,6274000,6388000,6408000,5757000,6497000,6972000,7140000,8906000,10980000,13072000,11723000,10905000,10936000,11149000,11364000,12299000,13118000,16128000,19953000,21039000,23066000
Russian Federation,RUS,"International tourism, number of departures",ST.INT.DPRT,21329000,12260000,11182000,10635000,12631000,18371000,18030000,20428000,20572000,24507000,28416000,29107000,34285000,36538000,34276000,39323000,43726000,47813000,54069000,45889000,34550000,31659000,39629000,41964000,45330000
Rwanda,RWA,"International tourism, number of departures",ST.INT.DPRT,,,,,,,,,,,,,,,,,,,,,,,,,
South Asia,SAS,"International tourism, number of departures",ST.INT.DPRT,5104212.178,5666330.193,5968835.47,6185555.668,6639313.584,7071625.23,7207075.355,7801927.15,8610112.89,9938652.858,11433119.23,12873405.55,15286675.26,15117362.6,16943521.78,19125115.55,20658496.87,22014160.89,23161348.84,25431129.95,28138552.83,30194692.25,32864565.98,35959133.49,36715295.6
Saudi Arabia,SAU,"International tourism, number of departures",ST.INT.DPRT,,,,,,,,,,4234000,5009000,2336000,4817000,4705000,6467000,18625000,15865399.41,20084259.77,22535457.03,22322601.56,25054000,27618000,28748000,27425000,27196000
Sudan,SDN,"International tourism, number of departures",ST.INT.DPRT,195000,,,,,,,,,,,,,,,,,,,,,,,,
Senegal,SEN,"International tourism, number of departures",ST.INT.DPRT,,,,,,,,,,,,,,,,,,,,,,,,,
Singapore,SGP,"International tourism, number of departures",ST.INT.DPRT,2867000,3305000,3671000,3745000,3971000,4444000,4363000,4399000,4221000,5165000,5159000,5533000,6024000,6828000,6961000,7342000,7753000,8048000,8647000,8903000,9125000,9474000,9889000,10378000,10711000
Solomon Islands,SLB,"International tourism, number of departures",ST.INT.DPRT,,,,,,,,,,,,,,,,,,,,,,,,,
Sierra Leone,SLE,"International tourism, number of departures",ST.INT.DPRT,,,6000,7000,13000,13000,20000,27000,13000,28000,63000,67000,71000,73000,72000,76000,99000,104000,111000,93000,61000,92000,110000,112000,122000
El Salvador,SLV,"International tourism, number of departures",ST.INT.DPRT,348000,492000,627000,868000,787000,923000,933000,1001000,940000,1079000,1239000,1242000,1012000,,1345000,1421000,1469000,1462000,1515000,1515000,1618000,1804000,1871000,1788000,1899000
San Marino,SMR,"International tourism, number of departures",ST.INT.DPRT,,,,,,,,,,,,,,,,,,,,,,,,,
Somalia,SOM,"International tourism, number of departures",ST.INT.DPRT,,,,,,,,,,,,,,,,,,,,,,,,,
Serbia,SRB,"International tourism, number of departures",ST.INT.DPRT,,,,,,,,,,,,,,,,,,,,,,,,,
Sub-Saharan Africa (excluding high income),SSA,"International tourism, number of departures",ST.INT.DPRT,,,,,,,,,,,,,,,,,,,,,,,,,
South Sudan,SSD,"International tourism, number of departures",ST.INT.DPRT,,,,,,,,,,,,,,,,,,,,,,,,,
Sub-Saharan Africa,SSF,"International tourism, number of departures",ST.INT.DPRT,,,,,,,,,,,,,,,,,,,,,,,,,
Small states,SST,"International tourism, number of departures",ST.INT.DPRT,,,,,,,,,,,,,,,,,,,,,,,,,
Sao Tome and Principe,STP,"International tourism, number of departures",ST.INT.DPRT,,,,,,,,,,,,,8600.000381,10300.00019,,,,,,,,,,,
Suriname,SUR,"International tourism, number of departures",ST.INT.DPRT,,,,,,,,,,,,,,,,,,,,,,,,,
Slovak Republic,SVK,"International tourism, number of departures",ST.INT.DPRT,,,,,,,,,,,2987000,3149000,3603000,3683000,3230000,2692000,3285000,2689000,2129000,2406000,2777000,3095000,3870000,4662000,5214000
Slovenia,SVN,"International tourism, number of departures",ST.INT.DPRT,,,,,,,,,,,6736000,6814000,5569000,5490000,5575000,5340000,5073000,4465000,4440000,4672000,4909000,5408000,5410000,5409000,6049000
Sweden,SWE,"International tourism, number of departures",ST.INT.DPRT,,,,,,,,,,,,,,,,,,,,,,,22121000,19939000,19061000
Eswatini,SWZ,"International tourism, number of departures",ST.INT.DPRT,,,,,,,,,,,1082000,1072000,1130000,1177000,1245000,1141000,1264000,1403000,1573000,1657000,1713000,1789000,1751000,1717000,1721000
Sint Maarten (Dutch part),SXM,"International tourism, number of departures",ST.INT.DPRT,,,,,,,,,,,,,,,,,,,,,,,,,
Seychelles,SYC,"International tourism, number of departures",ST.INT.DPRT,31000,29000,30000,31000,32000,36000,41000,53000,50000,48000,52000,55000,58000,54000,49000,59000,48000,45000,47000,50000,56000,68000,74000,72000,76000
Syrian Arab Republic,SYR,"International tourism, number of departures",ST.INT.DPRT,1746000,1871000,2299000,2411000,2994000,3863000,3492000,3299000,3997000,4309000,4564000,4042000,4196000,5253000,5215000,6259000,,,,,,,,,
Turks and Caicos Islands,TCA,"International tourism, number of departures",ST.INT.DPRT,,,,,,,,,,,,,,,,,,,,,,,,,
Chad,TCD,"International tourism, number of departures",ST.INT.DPRT,,,,,,,,,,,,,,58000,66000,39000,76000,79000,,,,56000,52000,,
East Asia & Pacific (IDA & IBRD countries),TEA,"International tourism, number of departures",ST.INT.DPRT,18741021.57,21204832.33,22985774.5,24425277.12,25360548,29172516.09,34054912.09,33625084.62,37325547.9,42606235.54,46259022.46,52483256.94,61256073.15,67107954.35,68801001.02,83096254.51,98955094.18,115589075.1,135039428.5,157724133.8,172853201.4,183823934.6,194998127.3,205242442.9,213644991.4
Europe & Central Asia (IDA & IBRD countries),TEC,"International tourism, number of departures",ST.INT.DPRT,101067183.5,99689001.1,105471324.3,107185287.8,117130387.3,128434326.9,121921728.7,117934533.2,113211829,120675804.2,133889759,144343359.7,156475701,163878285.3,150095269.3,158492182.1,176312854.8,190633844.4,210106843.5,180851145.4,182749587.9,184405703.1,207303500.1,222118408.8,233463769.1
Togo,TGO,"International tourism, number of departures",ST.INT.DPRT,,,,,,,,,,,,,,,,,,,,,,191000,216000,236000,269000
Thailand,THA,"International tourism, number of departures",ST.INT.DPRT,1820000,1845000,1660000,1412000,1655000,1909000,2011000,2250000,2152000,2709000,3047000,3382000,4018000,3908000,4653000,5451000,5397000,5721000,5970000,6444000,6794000,8204000,8963000,9966000,10446000
Tajikistan,TJK,"International tourism, number of departures",ST.INT.DPRT,,,,,4099.999905,6400.000095,2700.000048,,,,,,,,,,,15000,15000,19000,16000,22000,31000,31000,
Turkmenistan,TKM,"International tourism, number of departures",ST.INT.DPRT,21000,29000,31000,357000,,78000,111000,79000,34000,32000,33000,33000,38000,,,,,,,,,,,,
Latin America & the Caribbean (IDA & IBRD countries),TLA,"International tourism, number of departures",ST.INT.DPRT,121774675,123668650.6,128570256.6,130425128.1,139626745.4,151714820.5,147522592.9,148501433.3,147903010.8,155497199.5,157080809.7,151473222.7,140553224.8,140219675.6,129775809.8,126489507.5,128280132.5,130957327.8,139439398.4,141664052.1,150759110.9,159221639.9,161048262.6,148783175.9,142361074.7
Timor-Leste,TLS,"International tourism, number of departures",ST.INT.DPRT,,,,,,,,,,,,,,,,,,,,,,,,,
Middle East & North Africa (IDA & IBRD countries),TMN,"International tourism, number of departures",ST.INT.DPRT,,,,,,,,,,,,,,,,,,,,,,,,,
Tonga,TON,"International tourism, number of departures",ST.INT.DPRT,,,,,,,,,,,,,,,,,,,,,,,,,
South Asia (IDA & IBRD),TSA,"International tourism, number of departures",ST.INT.DPRT,5104212.178,5666330.193,5968835.47,6185555.668,6639313.584,7071625.23,7207075.355,7801927.15,8610112.89,9938652.858,11433119.23,12873405.55,15286675.26,15117362.6,16943521.78,19125115.55,20658496.87,22014160.89,23161348.84,25431129.95,28138552.83,30194692.25,32864565.98,35959133.49,36715295.6
Sub-Saharan Africa (IDA & IBRD countries),TSS,"International tourism, number of departures",ST.INT.DPRT,,,,,,,,,,,,,,,,,,,,,,,,,
Trinidad and Tobago,TTO,"International tourism, number of departures",ST.INT.DPRT,261000,248000,,,,,,,,,,,,,270000,273000,,,,,,,,,
Tunisia,TUN,"International tourism, number of departures",ST.INT.DPRT,1778000,1428000,1381000,1526000,1480000,1632000,1669000,1939000,2274000,2312000,2241000,2302000,2743000,3118000,2623000,2250000,2303000,2897000,2873000,2637000,,1830000,,2515000,2781000
Turkey,TUR,"International tourism, number of departures",ST.INT.DPRT,3981000,4261000,4633000,4601000,4758000,5284000,4856000,5131000,5928000,7299000,8246000,8275000,4956000,4893000,5561000,6557000,6282000,5803000,7526000,7982000,8751000,7892000,8887000,8383000,9651000
Tuvalu,TUV,"International tourism, number of departures",ST.INT.DPRT,,,,1899.999976,2200.000048,2900.000095,2799.999952,2700.000048,2599.999905,2299.999952,2200.000048,2000,2400.000095,,,,2099.999905,,,,,,,,
Tanzania,TZA,"International tourism, number of departures",ST.INT.DPRT,157000,148000,,,,,,,,,,,,,,,,,,,,,,,
Uganda,UGA,"International tourism, number of departures",ST.INT.DPRT,,,148000,241000,327000,153000,152000,184000,189000,231000,189000,254000,272000,337000,311000,324000,367000,469000,471000,511000,523000,568000,,,
Ukraine,UKR,"International tourism, number of departures",ST.INT.DPRT,,,,,,,,,,,,,17866000,16100000,15961000,17741000,20335000,21755000,23988000,22637000,23336000,25226000,27067000,27977000,29346000
Upper middle income,UMC,"International tourism, number of departures",ST.INT.DPRT,173124311.4,168460708.7,175813404.5,179482571.9,191913913.5,216147997.9,219233673.3,224185924,231510093.9,252917014.8,263835633.9,265746802.7,266735137.3,275845473.7,266213756.5,283418169.5,306093605.8,330100304.6,366983307.2,379772578.3,390556949.1,409387041.8,436033326.5,432172001,441402329
Uruguay,URY,"International tourism, number of departures",ST.INT.DPRT,,,562000,654000,778000,667000,531000,530000,495000,569000,658000,666000,635000,734000,826000,1027000,1534000,1816000,2281000,2396000,2217000,1715000,1789000,1947000,2199000
United States,USA,"International tourism, number of departures",ST.INT.DPRT,74031000,76803000,78481000,82758000,84540000,87973000,84755000,80883000,75880000,79655000,79215000,148511000,140364000,136148000,129954000,121574000,114089000,116329000,118968000,121699000,130364000,141526000,148056000,157873000,
Uzbekistan,UZB,"International tourism, number of departures",ST.INT.DPRT,,,246000,247000,202000,217000,183000,264000,400000,455000,572000,893000,1248000,1150000,1317000,1610000,,,3117000,2786000,3491000,3848000,5182000,8594000,8437000
St. Vincent and the Grenadines,VCT,"International tourism, number of departures",ST.INT.DPRT,,,,,,,,,,,,,,,,,,,,,,,,,
"Venezuela, RB",VEN,"International tourism, number of departures",ST.INT.DPRT,534000,511000,460000,752000,754000,954000,933000,881000,832000,816000,1067000,1095000,1410000,1745000,1651000,1477000,1719000,1734000,1931000,1589000,1539000,1530000,1079000,,
British Virgin Islands,VGB,"International tourism, number of departures",ST.INT.DPRT,,,,,,,,,,,,171000,166000,166000,140000,151000,145000,139000,,,,,,,
Virgin Islands (U.S.),VIR,"International tourism, number of departures",ST.INT.DPRT,,,,,,,,,,,,,,,,,,,,,,,,,
Vietnam,VNM,"International tourism, number of departures",ST.INT.DPRT,,,,,,,,,,,,,,,,,,,,,,,,,
Vanuatu,VUT,"International tourism, number of departures",ST.INT.DPRT,11000,11000,11000,12000,12000,12000,11000,11000,12000,13000,14000,15000,16000,19000,20000,21000,22000,23000,26000,26000,27000,25000,28000,29000,35000
World,WLD,"International tourism, number of departures",ST.INT.DPRT,,,894106626.9,944271165.7,1003063010,1079441641,1078486595,1084676132,1087206033,1155197203,1206768080,1330197941,1371063788,1397712947,1344113961,1416354950,1468886801,1527838950,1603962475,1614143161,1685021761,1767079821,1878262775,1930872510,1979127249
Samoa,WSM,"International tourism, number of departures",ST.INT.DPRT,,,,,58000,61000,56000,53000,51000,54000,52000,51000,52000,53000,43000,56000,57000,56000,51000,57000,54000,,55000,64000,69000
Kosovo,XKX,"International tourism, number of departures",ST.INT.DPRT,,,,,,,,,,,,,,,,,,,,,,,,,
"Yemen, Rep.",YEM,"International tourism, number of departures",ST.INT.DPRT,,,,,,,,,,,,,,,,,,,,,,,,,
South Africa,ZAF,"International tourism, number of departures",ST.INT.DPRT,,,,,,,,,,,,,,,,,,,,,,,,,
Zambia,ZMB,"International tourism, number of departures",ST.INT.DPRT,,,,,,,,,,,,,,,,,,,,,,,,,
Zimbabwe,ZWE,"International tourism, number of departures",ST.INT.DPRT,256000,69000,123000,213000,331000,,,,386000,498000,474000,541000,547000,593000,631000,650000,693000,720000,2946000,3182000,3393000,3192000,2768000,2288000,3275000